station_id,begin_time,phase_index,phase_time,phase_score,phase_type,file_name,phase_amplitude,phase_amp
CI.BOM..HH,2020-10-01T00:00:00.008,14728,2020-10-01T00:02:27.288,0.767,P,CI.BOM.2020-10-01T00:00.mseed,1.581637297931593e-05,1.581637297931593e-05
CI.BOM..HH,2020-10-01T00:00:00.008,15488,2020-10-01T00:02:34.888,0.603,S,CI.BOM.2020-10-01T00:00.mseed,1.581637297931593e-05,1.581637297931593e-05
CI.COA..HH,2020-10-01T00:00:00.008,317,2020-10-01T00:00:03.178,0.787,P,CI.COA.2020-10-01T00:00.mseed,2.3106571461539716e-05,2.3106571461539716e-05
CI.COA..HH,2020-10-01T00:00:00.008,3863,2020-10-01T00:00:38.638,0.778,P,CI.COA.2020-10-01T00:00.mseed,1.6254469301202334e-05,1.6254469301202334e-05
CI.COA..HH,2020-10-01T00:00:00.008,7543,2020-10-01T00:01:15.438,0.908,P,CI.COA.2020-10-01T00:00.mseed,1.4960497537686024e-05,1.4960497537686024e-05
CI.COA..HH,2020-10-01T00:00:00.008,9195,2020-10-01T00:01:31.958,0.825,P,CI.COA.2020-10-01T00:00.mseed,1.3408222002908587e-05,1.3408222002908587e-05
CI.COA..HH,2020-10-01T00:00:00.008,15040,2020-10-01T00:02:30.408,0.878,P,CI.COA.2020-10-01T00:00.mseed,7.155046478146687e-05,7.155046478146687e-05
CI.COA..HH,2020-10-01T00:00:00.008,1019,2020-10-01T00:00:10.198,0.532,S,CI.COA.2020-10-01T00:00.mseed,2.1218491383478977e-05,2.1218491383478977e-05
CI.COA..HH,2020-10-01T00:00:00.008,8232,2020-10-01T00:01:22.328,0.386,S,CI.COA.2020-10-01T00:00.mseed,1.2745418644044548e-05,1.2745418644044548e-05
CI.COA..HH,2020-10-01T00:00:00.008,9836,2020-10-01T00:01:38.368,0.549,S,CI.COA.2020-10-01T00:00.mseed,1.3408222002908587e-05,1.3408222002908587e-05
CI.COA..HH,2020-10-01T00:00:00.008,10742,2020-10-01T00:01:47.428,0.688,S,CI.COA.2020-10-01T00:00.mseed,1.6796264389995486e-05,1.6796264389995486e-05
CI.COA..HH,2020-10-01T00:00:00.008,15726,2020-10-01T00:02:37.268,0.911,S,CI.COA.2020-10-01T00:00.mseed,7.155046478146687e-05,7.155046478146687e-05
CI.CRR..HH,2020-10-01T00:00:00.008,157,2020-10-01T00:00:01.578,0.669,P,CI.CRR.2020-10-01T00:00.mseed,1.2557551599456929e-05,1.2557551599456929e-05
CI.CRR..HH,2020-10-01T00:00:00.008,3703,2020-10-01T00:00:37.038,0.724,P,CI.CRR.2020-10-01T00:00.mseed,3.6517483295028796e-06,3.6517483295028796e-06
CI.CRR..HH,2020-10-01T00:00:00.008,7379,2020-10-01T00:01:13.798,0.912,P,CI.CRR.2020-10-01T00:00.mseed,4.597095539793372e-06,4.597095539793372e-06
CI.CRR..HH,2020-10-01T00:00:00.008,8987,2020-10-01T00:01:29.878,0.464,P,CI.CRR.2020-10-01T00:00.mseed,4.4894591155753005e-06,4.4894591155753005e-06
CI.CRR..HH,2020-10-01T00:00:00.008,10123,2020-10-01T00:01:41.238,0.941,P,CI.CRR.2020-10-01T00:00.mseed,4.471909051062539e-06,4.471909051062539e-06
CI.CRR..HH,2020-10-01T00:00:00.008,11916,2020-10-01T00:01:59.168,0.693,P,CI.CRR.2020-10-01T00:00.mseed,2.1942146304354537e-06,2.1942146304354537e-06
CI.CRR..HH,2020-10-01T00:00:00.008,14863,2020-10-01T00:02:28.638,0.563,P,CI.CRR.2020-10-01T00:00.mseed,2.3753698769723997e-05,2.3753698769723997e-05
CI.CRR..HH,2020-10-01T00:00:00.008,705,2020-10-01T00:00:07.058,0.478,S,CI.CRR.2020-10-01T00:00.mseed,1.2557551599456929e-05,1.2557551599456929e-05
CI.CRR..HH,2020-10-01T00:00:00.008,4213,2020-10-01T00:00:42.138,0.542,S,CI.CRR.2020-10-01T00:00.mseed,3.6517483295028796e-06,3.6517483295028796e-06
CI.CRR..HH,2020-10-01T00:00:00.008,7937,2020-10-01T00:01:19.378,0.373,S,CI.CRR.2020-10-01T00:00.mseed,4.597095539793372e-06,4.597095539793372e-06
CI.CRR..HH,2020-10-01T00:00:00.008,10427,2020-10-01T00:01:44.278,0.373,S,CI.CRR.2020-10-01T00:00.mseed,4.471909051062539e-06,4.471909051062539e-06
CI.CRR..HH,2020-10-01T00:00:00.008,12468,2020-10-01T00:02:04.688,0.427,S,CI.CRR.2020-10-01T00:00.mseed,2.1942146304354537e-06,2.1942146304354537e-06
CI.CRR..HH,2020-10-01T00:00:00.008,15390,2020-10-01T00:02:33.908,0.47,S,CI.CRR.2020-10-01T00:00.mseed,2.3753698769723997e-05,2.3753698769723997e-05
CI.DRE..HH,2020-10-01T00:00:00.003,15056,2020-10-01T00:02:30.563,0.325,P,CI.DRE.2020-10-01T00:00.mseed,6.641348591074347e-05,6.641348591074347e-05
CI.DRE..HH,2020-10-01T00:00:00.003,664,2020-10-01T00:00:06.643,0.66,S,CI.DRE.2020-10-01T00:00.mseed,4.647919922717847e-05,4.647919922717847e-05
CI.ERR..HH,2020-10-01T00:00:00.008,85,2020-10-01T00:00:00.858,0.662,P,CI.ERR.2020-10-01T00:00.mseed,4.3048432416981086e-05,4.3048432416981086e-05
CI.ERR..HH,2020-10-01T00:00:00.008,11700,2020-10-01T00:01:57.008,0.813,P,CI.ERR.2020-10-01T00:00.mseed,1.103644899558276e-05,1.103644899558276e-05
CI.ERR..HH,2020-10-01T00:00:00.008,14647,2020-10-01T00:02:26.478,0.939,P,CI.ERR.2020-10-01T00:00.mseed,8.287748642032966e-05,8.287748642032966e-05
CI.ERR..HH,2020-10-01T00:00:00.008,12130,2020-10-01T00:02:01.308,0.639,S,CI.ERR.2020-10-01T00:00.mseed,1.103644899558276e-05,1.103644899558276e-05
CI.ERR..HH,2020-10-01T00:00:00.008,15013,2020-10-01T00:02:30.138,0.908,S,CI.ERR.2020-10-01T00:00.mseed,8.287748642032966e-05,8.287748642032966e-05
CI.FRK..HH,2020-10-01T00:00:00.003,99,2020-10-01T00:00:00.993,0.843,P,CI.FRK.2020-10-01T00:00.mseed,4.410336714499863e-06,4.410336714499863e-06
CI.FRK..HH,2020-10-01T00:00:00.003,3666,2020-10-01T00:00:36.663,0.935,P,CI.FRK.2020-10-01T00:00.mseed,1.4283612017607084e-06,1.4283612017607084e-06
CI.FRK..HH,2020-10-01T00:00:00.003,6231,2020-10-01T00:01:02.313,0.814,P,CI.FRK.2020-10-01T00:00.mseed,1.1114342441942426e-06,1.1114342441942426e-06
CI.FRK..HH,2020-10-01T00:00:00.003,7274,2020-10-01T00:01:12.743,0.303,P,CI.FRK.2020-10-01T00:00.mseed,1.2854657143179793e-06,1.2854657143179793e-06
CI.FRK..HH,2020-10-01T00:00:00.003,8958,2020-10-01T00:01:29.583,0.962,P,CI.FRK.2020-10-01T00:00.mseed,1.382086452395015e-06,1.382086452395015e-06
CI.FRK..HH,2020-10-01T00:00:00.003,14727,2020-10-01T00:02:27.273,0.969,P,CI.FRK.2020-10-01T00:00.mseed,8.171954505087342e-06,8.171954505087342e-06
CI.FRK..HH,2020-10-01T00:00:00.003,619,2020-10-01T00:00:06.193,0.513,S,CI.FRK.2020-10-01T00:00.mseed,4.410336714499863e-06,4.410336714499863e-06
CI.FRK..HH,2020-10-01T00:00:00.003,4213,2020-10-01T00:00:42.133,0.72,S,CI.FRK.2020-10-01T00:00.mseed,1.4283612017607084e-06,1.4283612017607084e-06
CI.FRK..HH,2020-10-01T00:00:00.003,7891,2020-10-01T00:01:18.913,0.678,S,CI.FRK.2020-10-01T00:00.mseed,1.3774986200587591e-06,1.3774986200587591e-06
CI.FRK..HH,2020-10-01T00:00:00.003,9523,2020-10-01T00:01:35.233,0.614,S,CI.FRK.2020-10-01T00:00.mseed,1.3277558537083678e-06,1.3277558537083678e-06
CI.IMP..HH,2020-10-01T00:00:00.008,3345,2020-10-01T00:00:33.458,0.894,P,CI.IMP.2020-10-01T00:00.mseed,6.225133984116837e-05,6.225133984116837e-05
CI.IMP..HH,2020-10-01T00:00:00.008,7025,2020-10-01T00:01:10.258,0.978,P,CI.IMP.2020-10-01T00:00.mseed,5.255855285213329e-05,5.255855285213329e-05
CI.IMP..HH,2020-10-01T00:00:00.008,8599,2020-10-01T00:01:25.998,0.968,P,CI.IMP.2020-10-01T00:00.mseed,3.537299926392734e-05,3.537299926392734e-05
CI.IMP..HH,2020-10-01T00:00:00.008,9532,2020-10-01T00:01:35.328,0.66,P,CI.IMP.2020-10-01T00:00.mseed,3.7646394048351794e-05,3.7646394048351794e-05
CI.IMP..HH,2020-10-01T00:00:00.008,11543,2020-10-01T00:01:55.438,0.957,P,CI.IMP.2020-10-01T00:00.mseed,3.735262725967914e-05,3.735262725967914e-05
CI.IMP..HH,2020-10-01T00:00:00.008,13591,2020-10-01T00:02:15.918,0.778,P,CI.IMP.2020-10-01T00:00.mseed,3.255031333537772e-05,3.255031333537772e-05
CI.IMP..HH,2020-10-01T00:00:00.008,14516,2020-10-01T00:02:25.168,0.965,P,CI.IMP.2020-10-01T00:00.mseed,0.00021977715368848294,0.00021977715368848294
CI.IMP..HH,2020-10-01T00:00:00.008,15088,2020-10-01T00:02:30.888,0.553,P,CI.IMP.2020-10-01T00:00.mseed,0.0001377339067403227,0.0001377339067403227
CI.IMP..HH,2020-10-01T00:00:00.008,15818,2020-10-01T00:02:38.188,0.808,P,CI.IMP.2020-10-01T00:00.mseed,8.446646097581834e-05,8.446646097581834e-05
CI.IMP..HH,2020-10-01T00:00:00.008,17412,2020-10-01T00:02:54.128,0.799,P,CI.IMP.2020-10-01T00:00.mseed,3.871077933581546e-05,3.871077933581546e-05
CI.IMP..HH,2020-10-01T00:00:00.008,153,2020-10-01T00:00:01.538,0.859,S,CI.IMP.2020-10-01T00:00.mseed,0.0001185378132504411,0.0001185378132504411
CI.IMP..HH,2020-10-01T00:00:00.008,3696,2020-10-01T00:00:36.968,0.901,S,CI.IMP.2020-10-01T00:00.mseed,6.225133984116837e-05,6.225133984116837e-05
CI.IMP..HH,2020-10-01T00:00:00.008,7376,2020-10-01T00:01:13.768,0.926,S,CI.IMP.2020-10-01T00:00.mseed,5.255855285213329e-05,5.255855285213329e-05
CI.IMP..HH,2020-10-01T00:00:00.008,9877,2020-10-01T00:01:38.778,0.822,S,CI.IMP.2020-10-01T00:00.mseed,3.7646394048351794e-05,3.7646394048351794e-05
CI.IMP..HH,2020-10-01T00:00:00.008,11880,2020-10-01T00:01:58.808,0.899,S,CI.IMP.2020-10-01T00:00.mseed,3.735262725967914e-05,3.735262725967914e-05
CI.IMP..HH,2020-10-01T00:00:00.008,14100,2020-10-01T00:02:21.008,0.59,S,CI.IMP.2020-10-01T00:00.mseed,4.906616231892258e-05,4.906616231892258e-05
CI.IMP..HH,2020-10-01T00:00:00.008,14858,2020-10-01T00:02:28.588,0.86,S,CI.IMP.2020-10-01T00:00.mseed,0.00021977715368848294,0.00021977715368848294
CI.IMP..HH,2020-10-01T00:00:00.008,15371,2020-10-01T00:02:33.718,0.315,S,CI.IMP.2020-10-01T00:00.mseed,0.0001377339067403227,0.0001377339067403227
CI.IMP..HH,2020-10-01T00:00:00.008,16178,2020-10-01T00:02:41.788,0.481,S,CI.IMP.2020-10-01T00:00.mseed,8.446646097581834e-05,8.446646097581834e-05
CI.IMP..HH,2020-10-01T00:00:00.008,17726,2020-10-01T00:02:57.268,0.704,S,CI.IMP.2020-10-01T00:00.mseed,3.871077933581546e-05,3.871077933581546e-05
CI.RXH..HH,2020-10-01T00:00:00.003,1,2020-10-01T00:00:00.013,0.351,P,CI.RXH.2020-10-01T00:00.mseed,3.563469726941548e-05,3.563469726941548e-05
CI.RXH..HH,2020-10-01T00:00:00.003,3340,2020-10-01T00:00:33.403,0.554,P,CI.RXH.2020-10-01T00:00.mseed,2.1117404685355723e-05,2.1117404685355723e-05
CI.RXH..HH,2020-10-01T00:00:00.003,5878,2020-10-01T00:00:58.783,0.788,P,CI.RXH.2020-10-01T00:00.mseed,1.423613321094308e-05,1.423613321094308e-05
CI.RXH..HH,2020-10-01T00:00:00.003,8612,2020-10-01T00:01:26.123,0.466,P,CI.RXH.2020-10-01T00:00.mseed,2.027958726102952e-05,2.027958726102952e-05
CI.RXH..HH,2020-10-01T00:00:00.003,14318,2020-10-01T00:02:23.183,0.978,P,CI.RXH.2020-10-01T00:00.mseed,0.0006816518143750727,0.0006816518143750727
CI.RXH..HH,2020-10-01T00:00:00.003,3554,2020-10-01T00:00:35.543,0.795,S,CI.RXH.2020-10-01T00:00.mseed,2.1117404685355723e-05,2.1117404685355723e-05
CI.RXH..HH,2020-10-01T00:00:00.003,7209,2020-10-01T00:01:12.093,0.569,S,CI.RXH.2020-10-01T00:00.mseed,2.1363912310334854e-05,2.1363912310334854e-05
CI.RXH..HH,2020-10-01T00:00:00.003,14415,2020-10-01T00:02:24.153,0.663,S,CI.RXH.2020-10-01T00:00.mseed,0.0006816518143750727,0.0006816518143750727
CI.SAL..HH,2020-10-01T00:00:00.003,206,2020-10-01T00:00:02.063,0.769,P,CI.SAL.2020-10-01T00:00.mseed,1.1750007615773939e-05,1.1750007615773939e-05
CI.SAL..HH,2020-10-01T00:00:00.003,14919,2020-10-01T00:02:29.193,0.947,P,CI.SAL.2020-10-01T00:00.mseed,3.676175037981011e-05,3.676175037981011e-05
CI.SGL..HH,2020-10-01T00:00:00.008,218,2020-10-01T00:00:02.188,0.913,P,CI.SGL.2020-10-01T00:00.mseed,6.086681423767004e-06,6.086681423767004e-06
CI.SGL..HH,2020-10-01T00:00:00.008,3783,2020-10-01T00:00:37.838,0.647,P,CI.SGL.2020-10-01T00:00.mseed,3.486628202153952e-06,3.486628202153952e-06
CI.SGL..HH,2020-10-01T00:00:00.008,7456,2020-10-01T00:01:14.568,0.812,P,CI.SGL.2020-10-01T00:00.mseed,2.6206057555100415e-06,2.6206057555100415e-06
CI.SGL..HH,2020-10-01T00:00:00.008,9113,2020-10-01T00:01:31.138,0.594,P,CI.SGL.2020-10-01T00:00.mseed,2.290821612405125e-06,2.290821612405125e-06
CI.SGL..HH,2020-10-01T00:00:00.008,9977,2020-10-01T00:01:39.778,0.535,P,CI.SGL.2020-10-01T00:00.mseed,3.2802311125124106e-06,3.2802311125124106e-06
CI.SGL..HH,2020-10-01T00:00:00.008,11973,2020-10-01T00:01:59.738,0.361,P,CI.SGL.2020-10-01T00:00.mseed,2.1006203496654052e-06,2.1006203496654052e-06
CI.SGL..HH,2020-10-01T00:00:00.008,14941,2020-10-01T00:02:29.418,0.859,P,CI.SGL.2020-10-01T00:00.mseed,1.8224322047899477e-05,1.8224322047899477e-05
CI.SGL..HH,2020-10-01T00:00:00.008,833,2020-10-01T00:00:08.338,0.71,S,CI.SGL.2020-10-01T00:00.mseed,5.241390681476332e-06,5.241390681476332e-06
CI.SGL..HH,2020-10-01T00:00:00.008,8048,2020-10-01T00:01:20.488,0.56,S,CI.SGL.2020-10-01T00:00.mseed,2.290821612405125e-06,2.290821612405125e-06
CI.SGL..HH,2020-10-01T00:00:00.008,9515,2020-10-01T00:01:35.158,0.321,S,CI.SGL.2020-10-01T00:00.mseed,2.13982298191695e-06,2.13982298191695e-06
CI.SGL..HH,2020-10-01T00:00:00.008,9983,2020-10-01T00:01:39.838,0.318,S,CI.SGL.2020-10-01T00:00.mseed,3.2802311125124106e-06,3.2802311125124106e-06
CI.SGL..HH,2020-10-01T00:00:00.008,15620,2020-10-01T00:02:36.208,0.343,S,CI.SGL.2020-10-01T00:00.mseed,7.11377288098447e-06,7.11377288098447e-06
CI.SLV..HH,2020-10-01T00:00:00.003,417,2020-10-01T00:00:04.173,0.688,P,CI.SLV.2020-10-01T00:00.mseed,5.313889232638758e-06,5.313889232638758e-06
CI.SLV..HH,2020-10-01T00:00:00.003,3571,2020-10-01T00:00:35.713,0.472,P,CI.SLV.2020-10-01T00:00.mseed,1.1382061302356306e-06,1.1382061302356306e-06
CI.SLV..HH,2020-10-01T00:00:00.003,3819,2020-10-01T00:00:38.193,0.517,P,CI.SLV.2020-10-01T00:00.mseed,2.317118060091161e-06,2.317118060091161e-06
CI.SLV..HH,2020-10-01T00:00:00.003,7494,2020-10-01T00:01:14.943,0.925,P,CI.SLV.2020-10-01T00:00.mseed,1.7865692143459455e-06,1.7865692143459455e-06
CI.SLV..HH,2020-10-01T00:00:00.003,9792,2020-10-01T00:01:37.923,0.62,P,CI.SLV.2020-10-01T00:00.mseed,2.019960220422945e-06,2.019960220422945e-06
CI.SLV..HH,2020-10-01T00:00:00.003,11811,2020-10-01T00:01:58.113,0.62,P,CI.SLV.2020-10-01T00:00.mseed,9.935199614119483e-07,9.935199614119483e-07
CI.SLV..HH,2020-10-01T00:00:00.003,12978,2020-10-01T00:02:09.783,0.455,P,CI.SLV.2020-10-01T00:00.mseed,8.207797463910538e-07,8.207797463910538e-07
CI.SLV..HH,2020-10-01T00:00:00.003,14785,2020-10-01T00:02:27.853,0.839,P,CI.SLV.2020-10-01T00:00.mseed,8.565600182919297e-06,8.565600182919297e-06
CI.SLV..HH,2020-10-01T00:00:00.003,424,2020-10-01T00:00:04.243,0.361,S,CI.SLV.2020-10-01T00:00.mseed,5.313889232638758e-06,5.313889232638758e-06
CI.SLV..HH,2020-10-01T00:00:00.003,1016,2020-10-01T00:00:10.163,0.458,S,CI.SLV.2020-10-01T00:00.mseed,2.550508952481323e-06,2.550508952481323e-06
CI.SLV..HH,2020-10-01T00:00:00.003,4010,2020-10-01T00:00:40.103,0.595,S,CI.SLV.2020-10-01T00:00.mseed,1.494290813752741e-06,1.494290813752741e-06
CI.SLV..HH,2020-10-01T00:00:00.003,6570,2020-10-01T00:01:05.703,0.365,S,CI.SLV.2020-10-01T00:00.mseed,1.7865692143459455e-06,1.7865692143459455e-06
CI.SLV..HH,2020-10-01T00:00:00.003,8308,2020-10-01T00:01:23.083,0.393,S,CI.SLV.2020-10-01T00:00.mseed,1.3400951957009966e-06,1.3400951957009966e-06
CI.SLV..HH,2020-10-01T00:00:00.003,9286,2020-10-01T00:01:32.863,0.423,S,CI.SLV.2020-10-01T00:00.mseed,1.3825415408064146e-06,1.3825415408064146e-06
CI.SLV..HH,2020-10-01T00:00:00.003,10227,2020-10-01T00:01:42.273,0.574,S,CI.SLV.2020-10-01T00:00.mseed,2.019960220422945e-06,2.019960220422945e-06
CI.SLV..HH,2020-10-01T00:00:00.003,10874,2020-10-01T00:01:48.743,0.36,S,CI.SLV.2020-10-01T00:00.mseed,1.692446517154167e-06,1.692446517154167e-06
CI.SLV..HH,2020-10-01T00:00:00.003,12257,2020-10-01T00:02:02.573,0.847,S,CI.SLV.2020-10-01T00:00.mseed,8.92146772457636e-07,8.92146772457636e-07
CI.SLV..HH,2020-10-01T00:00:00.003,15200,2020-10-01T00:02:32.003,0.665,S,CI.SLV.2020-10-01T00:00.mseed,8.565600182919297e-06,8.565600182919297e-06
CI.SLV..HH,2020-10-01T00:00:00.003,15848,2020-10-01T00:02:38.483,0.481,S,CI.SLV.2020-10-01T00:00.mseed,7.158216703828657e-06,7.158216703828657e-06
CI.SNR..HH,2020-10-01T00:00:00.008,14687,2020-10-01T00:02:26.878,0.43,P,CI.SNR.2020-10-01T00:00.mseed,4.963900937582366e-05,4.963900937582366e-05
CI.SNR..HH,2020-10-01T00:00:00.008,421,2020-10-01T00:00:04.218,0.44,S,CI.SNR.2020-10-01T00:00.mseed,3.327182639623061e-05,3.327182639623061e-05
CI.SNR..HH,2020-10-01T00:00:00.008,7642,2020-10-01T00:01:16.428,0.705,S,CI.SNR.2020-10-01T00:00.mseed,1.7037591533153318e-05,1.7037591533153318e-05
CI.SNR..HH,2020-10-01T00:00:00.008,9216,2020-10-01T00:01:32.168,0.721,S,CI.SNR.2020-10-01T00:00.mseed,1.7345184460282326e-05,1.7345184460282326e-05
CI.SNR..HH,2020-10-01T00:00:00.008,15114,2020-10-01T00:02:31.148,0.847,S,CI.SNR.2020-10-01T00:00.mseed,4.963900937582366e-05,4.963900937582366e-05
CI.SWS..HH,2020-10-01T00:00:00.008,15,2020-10-01T00:00:00.158,0.436,P,CI.SWS.2020-10-01T00:00.mseed,2.3429989596479572e-05,2.3429989596479572e-05
CI.SWS..HH,2020-10-01T00:00:00.008,5987,2020-10-01T00:00:59.878,0.907,P,CI.SWS.2020-10-01T00:00.mseed,1.789429347809346e-06,1.789429347809346e-06
CI.SWS..HH,2020-10-01T00:00:00.008,6184,2020-10-01T00:01:01.848,0.358,P,CI.SWS.2020-10-01T00:00.mseed,3.255555384384934e-06,3.255555384384934e-06
CI.SWS..HH,2020-10-01T00:00:00.008,7093,2020-10-01T00:01:10.938,0.424,P,CI.SWS.2020-10-01T00:00.mseed,7.034267582639586e-06,7.034267582639586e-06
CI.SWS..HH,2020-10-01T00:00:00.008,8693,2020-10-01T00:01:26.938,0.726,P,CI.SWS.2020-10-01T00:00.mseed,8.199916010198649e-06,8.199916010198649e-06
CI.SWS..HH,2020-10-01T00:00:00.008,9640,2020-10-01T00:01:36.408,0.679,P,CI.SWS.2020-10-01T00:00.mseed,7.692518920521252e-06,7.692518920521252e-06
CI.SWS..HH,2020-10-01T00:00:00.008,11613,2020-10-01T00:01:56.138,0.914,P,CI.SWS.2020-10-01T00:00.mseed,4.455584075913066e-06,4.455584075913066e-06
CI.SWS..HH,2020-10-01T00:00:00.008,14612,2020-10-01T00:02:26.128,0.549,P,CI.SWS.2020-10-01T00:00.mseed,8.901824003260117e-06,8.901824003260117e-06
CI.SWS..HH,2020-10-01T00:00:00.008,14805,2020-10-01T00:02:28.058,0.472,P,CI.SWS.2020-10-01T00:00.mseed,4.1539173253113404e-05,4.1539173253113404e-05
CI.SWS..HH,2020-10-01T00:00:00.008,169,2020-10-01T00:00:01.698,0.481,S,CI.SWS.2020-10-01T00:00.mseed,2.3429989596479572e-05,2.3429989596479572e-05
CI.SWS..HH,2020-10-01T00:00:00.008,3727,2020-10-01T00:00:37.278,0.316,S,CI.SWS.2020-10-01T00:00.mseed,6.595342256332515e-06,6.595342256332515e-06
CI.SWS..HH,2020-10-01T00:00:00.008,4277,2020-10-01T00:00:42.778,0.46,S,CI.SWS.2020-10-01T00:00.mseed,6.3831898842181545e-06,6.3831898842181545e-06
CI.SWS..HH,2020-10-01T00:00:00.008,6189,2020-10-01T00:01:01.898,0.383,S,CI.SWS.2020-10-01T00:00.mseed,5.0750568334478885e-06,5.0750568334478885e-06
CI.SWS..HH,2020-10-01T00:00:00.008,7405,2020-10-01T00:01:14.058,0.712,S,CI.SWS.2020-10-01T00:00.mseed,7.034267582639586e-06,7.034267582639586e-06
CI.SWS..HH,2020-10-01T00:00:00.008,7964,2020-10-01T00:01:19.648,0.664,S,CI.SWS.2020-10-01T00:00.mseed,6.909728199389065e-06,6.909728199389065e-06
CI.SWS..HH,2020-10-01T00:00:00.008,9005,2020-10-01T00:01:30.058,0.625,S,CI.SWS.2020-10-01T00:00.mseed,8.199916010198649e-06,8.199916010198649e-06
CI.SWS..HH,2020-10-01T00:00:00.008,14905,2020-10-01T00:02:29.058,0.596,S,CI.SWS.2020-10-01T00:00.mseed,4.1539173253113404e-05,4.1539173253113404e-05
CI.WES..HH,2020-10-01T00:00:00.008,91,2020-10-01T00:00:00.918,0.325,P,CI.WES.2020-10-01T00:00.mseed,1.92901225091191e-05,1.92901225091191e-05
CI.WMD..HH,2020-10-01T00:00:00.008,1,2020-10-01T00:00:00.018,0.739,P,CI.WMD.2020-10-01T00:00.mseed,0.00011028217704733834,0.00011028217704733834
CI.WMD..HH,2020-10-01T00:00:00.008,1497,2020-10-01T00:00:14.978,0.774,P,CI.WMD.2020-10-01T00:00.mseed,4.447607716429047e-05,4.447607716429047e-05
CI.WMD..HH,2020-10-01T00:00:00.008,3089,2020-10-01T00:00:30.898,0.955,P,CI.WMD.2020-10-01T00:00.mseed,0.0002006390132009983,0.0002006390132009983
CI.WMD..HH,2020-10-01T00:00:00.008,3900,2020-10-01T00:00:39.008,0.883,P,CI.WMD.2020-10-01T00:00.mseed,6.454427057178691e-05,6.454427057178691e-05
CI.WMD..HH,2020-10-01T00:00:00.008,5632,2020-10-01T00:00:56.328,0.986,P,CI.WMD.2020-10-01T00:00.mseed,0.0002514001098461449,0.0002514001098461449
CI.WMD..HH,2020-10-01T00:00:00.008,6769,2020-10-01T00:01:07.698,0.98,P,CI.WMD.2020-10-01T00:00.mseed,0.00025477251620031893,0.00025477251620031893
CI.WMD..HH,2020-10-01T00:00:00.008,7544,2020-10-01T00:01:15.448,0.977,P,CI.WMD.2020-10-01T00:00.mseed,0.00045041166595183313,0.00045041166595183313
CI.WMD..HH,2020-10-01T00:00:00.008,8320,2020-10-01T00:01:23.208,0.973,P,CI.WMD.2020-10-01T00:00.mseed,0.00021093782561365515,0.00021093782561365515
CI.WMD..HH,2020-10-01T00:00:00.008,9291,2020-10-01T00:01:32.918,0.972,P,CI.WMD.2020-10-01T00:00.mseed,0.00024959773872978985,0.00024959773872978985
CI.WMD..HH,2020-10-01T00:00:00.008,10029,2020-10-01T00:01:40.298,0.959,P,CI.WMD.2020-10-01T00:00.mseed,0.00019170813902746886,0.00019170813902746886
CI.WMD..HH,2020-10-01T00:00:00.008,11301,2020-10-01T00:01:53.018,0.672,P,CI.WMD.2020-10-01T00:00.mseed,0.00017013662727549672,0.00017013662727549672
CI.WMD..HH,2020-10-01T00:00:00.008,12230,2020-10-01T00:02:02.308,0.95,P,CI.WMD.2020-10-01T00:00.mseed,0.00039378376095555723,0.00039378376095555723
CI.WMD..HH,2020-10-01T00:00:00.008,13440,2020-10-01T00:02:14.408,0.918,P,CI.WMD.2020-10-01T00:00.mseed,0.0007061269716359675,0.0007061269716359675
CI.WMD..HH,2020-10-01T00:00:00.008,13972,2020-10-01T00:02:19.728,0.413,P,CI.WMD.2020-10-01T00:00.mseed,0.0005768817500211298,0.0005768817500211298
CI.WMD..HH,2020-10-01T00:00:00.008,14281,2020-10-01T00:02:22.818,0.578,P,CI.WMD.2020-10-01T00:00.mseed,0.0011939668329432607,0.0011939668329432607
CI.WMD..HH,2020-10-01T00:00:00.008,15540,2020-10-01T00:02:35.408,0.39,P,CI.WMD.2020-10-01T00:00.mseed,0.00041356327710673213,0.00041356327710673213
CI.WMD..HH,2020-10-01T00:00:00.008,17165,2020-10-01T00:02:51.658,0.327,P,CI.WMD.2020-10-01T00:00.mseed,0.00016716202662792057,0.00016716202662792057
CI.WMD..HH,2020-10-01T00:00:00.008,17398,2020-10-01T00:02:53.988,0.339,P,CI.WMD.2020-10-01T00:00.mseed,0.00022154368343763053,0.00022154368343763053
CI.WMD..HH,2020-10-01T00:00:00.008,1699,2020-10-01T00:00:16.998,0.759,S,CI.WMD.2020-10-01T00:00.mseed,4.447607716429047e-05,4.447607716429047e-05
CI.WMD..HH,2020-10-01T00:00:00.008,3292,2020-10-01T00:00:32.928,0.923,S,CI.WMD.2020-10-01T00:00.mseed,0.0002006390132009983,0.0002006390132009983
CI.WMD..HH,2020-10-01T00:00:00.008,4073,2020-10-01T00:00:40.738,0.754,S,CI.WMD.2020-10-01T00:00.mseed,6.454427057178691e-05,6.454427057178691e-05
CI.WMD..HH,2020-10-01T00:00:00.008,5816,2020-10-01T00:00:58.168,0.956,S,CI.WMD.2020-10-01T00:00.mseed,0.0002514001098461449,0.0002514001098461449
CI.WMD..HH,2020-10-01T00:00:00.008,6969,2020-10-01T00:01:09.698,0.945,S,CI.WMD.2020-10-01T00:00.mseed,0.00025477251620031893,0.00025477251620031893
CI.WMD..HH,2020-10-01T00:00:00.008,7712,2020-10-01T00:01:17.128,0.946,S,CI.WMD.2020-10-01T00:00.mseed,0.00045041166595183313,0.00045041166595183313
CI.WMD..HH,2020-10-01T00:00:00.008,8499,2020-10-01T00:01:24.998,0.935,S,CI.WMD.2020-10-01T00:00.mseed,0.00021093782561365515,0.00021093782561365515
CI.WMD..HH,2020-10-01T00:00:00.008,9490,2020-10-01T00:01:34.908,0.945,S,CI.WMD.2020-10-01T00:00.mseed,0.00024959773872978985,0.00024959773872978985
CI.WMD..HH,2020-10-01T00:00:00.008,10210,2020-10-01T00:01:42.108,0.916,S,CI.WMD.2020-10-01T00:00.mseed,0.00019170813902746886,0.00019170813902746886
CI.WMD..HH,2020-10-01T00:00:00.008,11494,2020-10-01T00:01:54.948,0.924,S,CI.WMD.2020-10-01T00:00.mseed,0.00017013662727549672,0.00017013662727549672
CI.WMD..HH,2020-10-01T00:00:00.008,12405,2020-10-01T00:02:04.058,0.926,S,CI.WMD.2020-10-01T00:00.mseed,0.00039378376095555723,0.00039378376095555723
CI.WMD..HH,2020-10-01T00:00:00.008,13611,2020-10-01T00:02:16.118,0.858,S,CI.WMD.2020-10-01T00:00.mseed,0.0007061269716359675,0.0007061269716359675
CI.WMD..HH,2020-10-01T00:00:00.008,14475,2020-10-01T00:02:24.758,0.907,S,CI.WMD.2020-10-01T00:00.mseed,0.0011939668329432607,0.0011939668329432607
CI.WMD..HH,2020-10-01T00:00:00.008,15777,2020-10-01T00:02:37.778,0.923,S,CI.WMD.2020-10-01T00:00.mseed,0.00041356327710673213,0.00041356327710673213
CI.YUH2..HH,2020-10-01T00:00:00.008,343,2020-10-01T00:00:03.438,0.874,P,CI.YUH2.2020-10-01T00:00.mseed,4.545987394521944e-06,4.545987394521944e-06
CI.YUH2..HH,2020-10-01T00:00:00.008,3907,2020-10-01T00:00:39.078,0.95,P,CI.YUH2.2020-10-01T00:00.mseed,1.8120686036127154e-06,1.8120686036127154e-06
CI.YUH2..HH,2020-10-01T00:00:00.008,6509,2020-10-01T00:01:05.098,0.576,P,CI.YUH2.2020-10-01T00:00.mseed,8.726333362574223e-07,8.726333362574223e-07
CI.YUH2..HH,2020-10-01T00:00:00.008,7586,2020-10-01T00:01:15.868,0.946,P,CI.YUH2.2020-10-01T00:00.mseed,1.5664327293052338e-06,1.5664327293052338e-06
CI.YUH2..HH,2020-10-01T00:00:00.008,9181,2020-10-01T00:01:31.818,0.621,P,CI.YUH2.2020-10-01T00:00.mseed,2.4947544261522125e-06,2.4947544261522125e-06
CI.YUH2..HH,2020-10-01T00:00:00.008,12121,2020-10-01T00:02:01.218,0.904,P,CI.YUH2.2020-10-01T00:00.mseed,1.4521225466523902e-06,1.4521225466523902e-06
CI.YUH2..HH,2020-10-01T00:00:00.008,15076,2020-10-01T00:02:30.768,0.815,P,CI.YUH2.2020-10-01T00:00.mseed,7.295446266653016e-06,7.295446266653016e-06
CI.YUH2..HH,2020-10-01T00:00:00.008,1038,2020-10-01T00:00:10.388,0.674,S,CI.YUH2.2020-10-01T00:00.mseed,4.545987394521944e-06,4.545987394521944e-06
CI.YUH2..HH,2020-10-01T00:00:00.008,4670,2020-10-01T00:00:46.708,0.743,S,CI.YUH2.2020-10-01T00:00.mseed,1.8120686036127154e-06,1.8120686036127154e-06
CI.YUH2..HH,2020-10-01T00:00:00.008,7166,2020-10-01T00:01:11.668,0.678,S,CI.YUH2.2020-10-01T00:00.mseed,1.2317766504565952e-06,1.2317766504565952e-06
CI.YUH2..HH,2020-10-01T00:00:00.008,8357,2020-10-01T00:01:23.578,0.571,S,CI.YUH2.2020-10-01T00:00.mseed,1.5664327293052338e-06,1.5664327293052338e-06
CI.YUH2..HH,2020-10-01T00:00:00.008,9836,2020-10-01T00:01:38.368,0.618,S,CI.YUH2.2020-10-01T00:00.mseed,2.4947544261522125e-06,2.4947544261522125e-06
CI.YUH2..HH,2020-10-01T00:00:00.008,15733,2020-10-01T00:02:37.338,0.594,S,CI.YUH2.2020-10-01T00:00.mseed,7.295446266653016e-06,7.295446266653016e-06
CI.YUH2..HH,2020-10-01T00:00:00.008,16385,2020-10-01T00:02:43.858,0.449,S,CI.YUH2.2020-10-01T00:00.mseed,5.031469299865421e-06,5.031469299865421e-06
